{"cameraMode":{"drawMode":0,"name":"Shaded","section":"Shading Mode"},"sceneLighting":false,"audioPlay":false,"sceneViewState":{"m_AlwaysRefresh":false,"showFog":false,"showSkybox":false,"showFlares":false,"showImageEffects":false,"showParticleSystems":false,"showVisualEffectGraphs":true,"m_FxEnabled":true},"in2DMode":false,"pivot":{"x":0.00019550323486328125,"y":0.8381707072257996,"z":0.0007866248488426209},"rotation":{"x":-0.18042796850204469,"y":-0.4580872654914856,"z":0.09603682905435562,"w":-0.8653022050857544},"size":1.3381271362304688,"orthographic":false}